,top5,top10,top20
DT_score_c45,1.0,1.0,1.0
RandomForest_gini,1.0,1.0,1.0
AdaBoost128,0.9976941747572815,0.9976941747572815,0.9976941747572815
LassoLinear,1.0,1.0,1.0
multi_Lasso,1.0,1.0,1.0
SVM,0.9995145631067962,1.0,1.0
XGboost,1.0,1.0,1.0
