,precision,recall,f1-score,support
0.0,0.6046511627906976,0.7878787878787878,0.6842105263157895,33.0
1.0,0.6956521739130435,0.48484848484848486,0.5714285714285714,33.0
   , , , , 
macro avg,0.6501516683518705,0.6363636363636364,0.6278195488721805,66.0
weighted avg,0.6501516683518705,0.6363636363636364,0.6278195488721805,66.0
accuracy, , ,0.6363636363636364,66.0
sensitivity, , ,0.48484848484848486,33.0
specificity, , ,0.7878787878787878,33.0
