,precision,recall,f1-score,support
0.0,0.6578947368421053,0.7575757575757576,0.704225352112676,33.0
1.0,0.7142857142857143,0.6060606060606061,0.6557377049180327,33.0
   , , , , 
macro avg,0.6860902255639099,0.6818181818181819,0.6799815285153543,66.0
weighted avg,0.6860902255639099,0.6818181818181818,0.6799815285153543,66.0
accuracy, , ,0.6818181818181818,66.0
sensitivity, , ,0.6060606060606061,33.0
specificity, , ,0.7575757575757576,33.0
